	count	mean	std	min	25%	50%	75%	max	mode	ATACseq_overlap	ATACseq_ranges_overlap	ATACseq_Jaccard	DNAseq_overlap	DNAseq_ranges_overlap	DNAseq_Jaccard	genes_overlap	percentage_open	percentage_open_adj	model_name
Length	15211.0	152.29767931102492	119.94607491746102	100.0	100.0	100.0	200.0	2600.0	100.0	0.8122102744660894	0.02579081412414746	0.025637933860678832	0.7307460169162209	0.03815203315203315	0.03762313944608427	0.5832793749460417	0.12685558324737478	0.15179163070248153	test run
Length	13264.0	128.38095597104945	113.05250232701854	5.0	80.0	95.0	135.0	1985.0	95.0	0.7893992740718587	0.03410116598985815	0.03379372032377816	0.6981372313950508	0.049587014672503954	0.04854615647754484	0.5960331092965009	0.09324673903776048	0.11157628394352376	k-prototypes 5 features 2 clusters, gamma=1, threshold=2
