	count	mean	std	min	25%	50%	75%	max	mode	ATACseq_overlap	ATACseq_ranges_overlap	ATACseq_Jaccard	DNAseq_overlap	DNAseq_ranges_overlap	DNAseq_Jaccard	genes_overlap	percentage_open	percentage_open_adj	model_name
Length	11283.0	141.68217672604803	103.9406476887425	100.0	100.0	100.0	100.0	1900.0	100.0	0.7616128111363358	0.03504629050419117	0.03466601820638857	0.6593109492430694	0.049883022644814215	0.048629533005733604	0.5974727886901039	0.08753834731039167	0.10474579160881765	test run
Length	13031.0	127.75266671782673	111.5216431351073	5.0	80.0	95.0	135.0	1985.0	95.0	0.7861366756841262	0.0347374522824817	0.034412253187636604	0.6956816509437862	0.05054347662855272	0.04945014904040546	0.5968325479277607	0.0911604066015501	0.10907984039273184	k-prototypes 5 features n_clusters=2, threshold=1
