	count	mean	std	min	25%	50%	75%	max	mode	ATACseq_overlap	ATACseq_ranges_overlap	ATACseq_Jaccard	DNAseq_overlap	DNAseq_ranges_overlap	DNAseq_Jaccard	genes_overlap	percentage_open	percentage_open_adj	model_name
Length	11283.0	141.68217672604803	103.9406476887425	100.0	100.0	100.0	100.0	1900.0	100.0	0.7616128111363358	0.03504629050419117	0.03466601820638857	0.6593109492430694	0.049883022644814215	0.048629533005733604	0.5974727886901039	0.08753834731039167	0.10474579160881765	test run
Length	13198.0	128.70245491741173	112.69056319205392	5.0	80.0	95.0	135.0	1985.0	95.0	0.7902557061486385	0.034223175940398504	0.03391511536459974	0.6987573274686024	0.049754653055577636	0.048709835451427916	0.5957106230664394	0.09301510685389776	0.11129911973827836	k-prototypes 5 features n_clusters=2, threshold=1
Length	12524.0	127.52036090705845	110.04809000409125	5.0	80.0	95.0	135.0	1985.0	95.0	0.781011677383396	0.03597348886864342	0.03561426107785025	0.688141282689398	0.05211434725574726	0.05091192475580872	0.597487265703024	0.08745429165974646	0.10464521310880542	k-prototypes 5 features n_clusters=2, threshold=1.5
Length	13130.0	128.5095201827875	112.41759917923586	5.0	80.0	95.0	135.0	1985.0	95.0	0.7903916477481274	0.03445798984193963	0.03414596044396444	0.6963348188079274	0.04991376909081211	0.0488504447066166	0.595916033022586	0.09239714723335617	0.1105596875736934	k-prototypes 5 features n_clusters=2, threshold=2
Length	12186.0	126.9243394058756	108.49947354912652	5.0	80.0	95.0	135.0	1985.0	95.0	0.7749350878862441	0.03685588672657917	0.03646555650514055	0.6819403219538814	0.05332643693023857	0.052032306965377195	0.5985129630826922	0.08469633540909721	0.1013451244097074	k-prototypes 5 features n_clusters=2, threshold=2.5
