	count	mean	std	min	25%	50%	75%	max	mode	ATACseq_overlap	ATACseq_ranges_overlap	ATACseq_Jaccard	DNAseq_overlap	DNAseq_ranges_overlap	DNAseq_Jaccard	genes_overlap	percentage_open	percentage_open_adj	model_name
Length	15211.0	152.29767931102492	119.94607491746102	100.0	100.0	100.0	200.0	2600.0	100.0	0.8122102744660894	0.02579081412414746	0.025637933860678832	0.7307460169162209	0.03815203315203315	0.03762313944608427	0.5832793749460417	0.12685558324737478	0.15179163070248153	test run
Length	12816.0	129.3285736579276	112.51120285013037	5.0	80.0	95.0	140.0	1985.0	95.0	0.7877407865580947	0.03496100996998446	0.03463473849866923	0.6949540715508189	0.05071207710523537	0.049607818835319326	0.5974002624473974	0.09076230589784276	0.10860348489104531	k-means 5 features n_clusters=2, threshold=1
Length	12989.0	129.7424744014166	112.44882611789934	5.0	80.0	95.0	140.0	1985.0	95.0	0.7876048449586058	0.034379385541989944	0.034063576484449826	0.7000884670398267	0.05024551617736504	0.04918678430832664	0.5972923496862437	0.09228187873524009	0.11042176070559848	k-means 5 features n_clusters=2, threshold=1.5
Length	13860.0	126.78210678210678	114.68613762775153	5.0	75.0	95.0	140.0	1985.0	95.0	0.7913160506246516	0.033126564989756434	0.03283967569903489	0.7064795905712326	0.04862736171181425	0.047664390213426555	0.5958126564989756	0.09622318522070578	0.11513781121920079	k-means 5 features n_clusters=2, threshold=2
Length	13361.0	128.9312177232243	113.76538449266562	5.0	80.0	95.0	140.0	1985.0	95.0	0.7933959570968312	0.03387977824862857	0.03358348946513159	0.7030318564022853	0.049360578178968446	0.04835240946042462	0.5965013206397121	0.09433124858891918	0.11287397592576612	k-means 5 features n_clusters=2, threshold=2.5
